<?xml version="1.0" standalone="yes"?>
<DocumentElement>
  <KundenDaten>
    <Column1>Anrede</Column1>
    <Column2>Herr </Column2>
  </KundenDaten>
  <KundenDaten>
    <Column1>Name:</Column1>
    <Column2>Wissam Alden</Column2>
  </KundenDaten>
  <KundenDaten>
    <Column1>Anschrift:</Column1>
    <Column2>Knorrstr. 29, D-80807 München</Column2>
  </KundenDaten>
  <KundenDaten>
    <Column1>Geburtsdatum:</Column1>
    <Column2>28.04.1986</Column2>
  </KundenDaten>
  <KundenDaten>
    <Column1>Telefon (Privat):</Column1>
    <Column2 />
  </KundenDaten>
  <KundenDaten>
    <Column1>Telefax:</Column1>
    <Column2 />
  </KundenDaten>
  <KundenDaten>
    <Column1>Telefon (Mobil):</Column1>
    <Column2 />
  </KundenDaten>
  <KundenDaten>
    <Column1>Endkundenzugang:</Column1>
    <Column2>EK9A4Z0</Column2>
  </KundenDaten>
  <KundenDaten>
    <Vertrag>8321598</Vertrag>
    <Sparte_x002F_Produkt>Leben</Sparte_x002F_Produkt>
    <Status>aktiv</Status>
    <Beginn_x0020__x0026__x0020_Ablauf>01.10.2019- 01.10.2053</Beginn_x0020__x0026__x0020_Ablauf>
    <Beitrag_x002F_Zahlweise>129,96 EUR/monatlich</Beitrag_x002F_Zahlweise>
  </KundenDaten>
</DocumentElement>