<?xml version="1.0" standalone="yes"?>
<DocumentElement>
  <KundenDaten>
    <Column1>Anrede</Column1>
    <Column2>Herr</Column2>
  </KundenDaten>
  <KundenDaten>
    <Column1>Name:</Column1>
    <Column2>Peer Ahlbach</Column2>
  </KundenDaten>
  <KundenDaten>
    <Column1>Anschrift:</Column1>
    <Column2>Magdalenenstr. 46, D-80638 München</Column2>
  </KundenDaten>
  <KundenDaten>
    <Column1>Geburtsdatum:</Column1>
    <Column2>23.06.1973</Column2>
  </KundenDaten>
  <KundenDaten>
    <Column1>Telefon (Privat):</Column1>
    <Column2>08913014992</Column2>
  </KundenDaten>
  <KundenDaten>
    <Column1>Telefax:</Column1>
    <Column2 />
  </KundenDaten>
  <KundenDaten>
    <Column1>Telefon (Mobil):</Column1>
    <Column2 />
  </KundenDaten>
  <KundenDaten>
    <Column1>Endkundenzugang:</Column1>
    <Column2 />
  </KundenDaten>
  <KundenDaten>
    <Vertrag>26095588</Vertrag>
    <Sparte_x002F_Produkt>Kranken</Sparte_x002F_Produkt>
    <Status>aktiv</Status>
    <Beginn_x0020__x0026__x0020_Ablauf>01.02.2003</Beginn_x0020__x0026__x0020_Ablauf>
    <Beitrag_x002F_Zahlweise>843,02 EUR/monatlich</Beitrag_x002F_Zahlweise>
  </KundenDaten>
</DocumentElement>