<?xml version="1.0" standalone="yes"?>
<DocumentElement>
  <KundenDaten>
    <Column1>Anrede</Column1>
    <Column2>Frau </Column2>
  </KundenDaten>
  <KundenDaten>
    <Column1>Name:</Column1>
    <Column2>Nicole Adrian</Column2>
  </KundenDaten>
  <KundenDaten>
    <Column1>Anschrift:</Column1>
    <Column2>Hasselhofstr. 10,, D-63589 Linsengericht</Column2>
  </KundenDaten>
  <KundenDaten>
    <Column1>Geburtsdatum:</Column1>
    <Column2>25.03.1972</Column2>
  </KundenDaten>
  <KundenDaten>
    <Column1>Telefon (Privat):</Column1>
    <Column2 />
  </KundenDaten>
  <KundenDaten>
    <Column1>Telefax:</Column1>
    <Column2 />
  </KundenDaten>
  <KundenDaten>
    <Column1>Telefon (Mobil):</Column1>
    <Column2 />
  </KundenDaten>
  <KundenDaten>
    <Column1>Endkundenzugang:</Column1>
    <Column2 />
  </KundenDaten>
  <KundenDaten>
    <Vertrag>9152087</Vertrag>
    <Sparte_x002F_Produkt>Leben</Sparte_x002F_Produkt>
    <Status>aktiv</Status>
    <Beginn_x0020__x0026__x0020_Ablauf>01.10.2002- 01.10.2032</Beginn_x0020__x0026__x0020_Ablauf>
    <Beitrag_x002F_Zahlweise>33,61 EUR/monatlich</Beitrag_x002F_Zahlweise>
  </KundenDaten>
</DocumentElement>