<?xml version="1.0" standalone="yes"?>
<DocumentElement>
  <VertragsDaten>
    <Column1>Anrede:</Column1>
    <Column2 />
  </VertragsDaten>
  <VertragsDaten>
    <Column1>Name:</Column1>
    <Column2>aDato Consulting GmbH</Column2>
  </VertragsDaten>
  <VertragsDaten>
    <Column1>Anschrift:</Column1>
    <Column2>Ringstr. 39, D-82285 Hattenhofen</Column2>
  </VertragsDaten>
  <VertragsDaten>
    <Column1>Geburtsdatum:</Column1>
    <Column2 />
  </VertragsDaten>
  <VertragsDaten>
    <Column1>Kundennummer AL:</Column1>
    <Column2>44259956</Column2>
  </VertragsDaten>
  <VertragsDaten>
    <Column1>Vers.-Nummer:</Column1>
    <Column2>11460963377000</Column2>
    <Column3>Verbund-Vermittler-Nr.:</Column3>
    <Column4>348007001</Column4>
  </VertragsDaten>
  <VertragsDaten>
    <Column1>Beginn:</Column1>
    <Column2>12.03.1998</Column2>
    <Column3>Ablauf:</Column3>
    <Column4>12.03.2003</Column4>
  </VertragsDaten>
  <VertragsDaten>
    <Column1>Nettobeitrag:</Column1>
    <Column2>644,30 EUR</Column2>
    <Column3>Bruttobeitrag:</Column3>
    <Column4 />
  </VertragsDaten>
  <VertragsDaten>
    <Column1>Zahlweise:</Column1>
    <Column2>jährlich</Column2>
    <Column3>Hauptfälligkeit:</Column3>
    <Column4>12.03.2003</Column4>
  </VertragsDaten>
  <VertragsDaten>
    <Column1>Änderungsdatum:</Column1>
    <Column2>12.03.2003</Column2>
    <Column3>Vertragsstatus:</Column3>
    <Column4>storniert</Column4>
  </VertragsDaten>
  <VertragsDaten>
    <Column1>Abgangsdatum:</Column1>
    <Column2>12.03.2003</Column2>
    <Column3>Abgangsgrund:</Column3>
    <Column4>Kündigung Risikofortfall</Column4>
  </VertragsDaten>
  <VertragsDaten>
    <Column1>Mahnstufe:</Column1>
    <Column2 />
    <Column3>Zahlungsweg:</Column3>
    <Column4>sonstige</Column4>
  </VertragsDaten>
  <VertragsDaten>
    <Column1>Kontoinhaber:</Column1>
    <Column2 />
    <Column3>Kontonummer:</Column3>
    <Column4>000032043550</Column4>
  </VertragsDaten>
  <VertragsDaten>
    <Column1>Bankleitzahl:</Column1>
    <Column2>70020270</Column2>
    <Column3>Zugangsmodell:</Column3>
    <Column4 />
  </VertragsDaten>
</DocumentElement>