<?xml version="1.0" standalone="yes"?>
<DocumentElement>
  <KundenDaten>
    <Column1>Anrede</Column1>
    <Column2>Herr </Column2>
  </KundenDaten>
  <KundenDaten>
    <Column1>Name:</Column1>
    <Column2>Karl Aigner</Column2>
  </KundenDaten>
  <KundenDaten>
    <Column1>Anschrift:</Column1>
    <Column2>Steig 1, D-84367 Tann</Column2>
  </KundenDaten>
  <KundenDaten>
    <Column1>Geburtsdatum:</Column1>
    <Column2>21.06.1967</Column2>
  </KundenDaten>
  <KundenDaten>
    <Column1>Telefon (Privat):</Column1>
    <Column2>(08725) 709-12</Column2>
  </KundenDaten>
  <KundenDaten>
    <Column1>Telefax:</Column1>
    <Column2 />
  </KundenDaten>
  <KundenDaten>
    <Column1>Telefon (Mobil):</Column1>
    <Column2 />
  </KundenDaten>
  <KundenDaten>
    <Column1>Endkundenzugang:</Column1>
    <Column2 />
  </KundenDaten>
  <KundenDaten>
    <Vertrag>9422295</Vertrag>
    <Sparte_x002F_Produkt>Leben</Sparte_x002F_Produkt>
    <Status>aktiv</Status>
    <Beginn_x0020__x0026__x0020_Ablauf>01.04.2006- 01.04.2027</Beginn_x0020__x0026__x0020_Ablauf>
    <Beitrag_x002F_Zahlweise>158,35 EUR/monatlich</Beitrag_x002F_Zahlweise>
  </KundenDaten>
</DocumentElement>