<?xml version="1.0" standalone="yes"?>
<DocumentElement>
  <KundenDaten>
    <Column1>Anrede</Column1>
    <Column2>Herr </Column2>
  </KundenDaten>
  <KundenDaten>
    <Column1>Name:</Column1>
    <Column2>Hilmar Albers</Column2>
  </KundenDaten>
  <KundenDaten>
    <Column1>Anschrift:</Column1>
    <Column2>Fohlenweg 6, D-14195 Berlin</Column2>
  </KundenDaten>
  <KundenDaten>
    <Column1>Geburtsdatum:</Column1>
    <Column2>09.01.1961</Column2>
  </KundenDaten>
  <KundenDaten>
    <Column1>Telefon (Privat):</Column1>
    <Column2 />
  </KundenDaten>
  <KundenDaten>
    <Column1>Telefax:</Column1>
    <Column2 />
  </KundenDaten>
  <KundenDaten>
    <Column1>Telefon (Mobil):</Column1>
    <Column2 />
  </KundenDaten>
  <KundenDaten>
    <Column1>Endkundenzugang:</Column1>
    <Column2 />
  </KundenDaten>
  <KundenDaten>
    <Vertrag>11710020495000</Vertrag>
    <Sparte_x002F_Produkt>Einzelversicherung - Unfall</Sparte_x002F_Produkt>
    <Status>aktiv</Status>
    <Beginn_x0020__x0026__x0020_Ablauf>01.09.2003- 01.09.2020</Beginn_x0020__x0026__x0020_Ablauf>
    <Beitrag_x002F_Zahlweise>73,30 EUR/jährlich</Beitrag_x002F_Zahlweise>
  </KundenDaten>
  <KundenDaten>
    <Vertrag>26017629</Vertrag>
    <Sparte_x002F_Produkt>Kranken</Sparte_x002F_Produkt>
    <Status>aktiv</Status>
    <Beginn_x0020__x0026__x0020_Ablauf>01.07.2000</Beginn_x0020__x0026__x0020_Ablauf>
    <Beitrag_x002F_Zahlweise>721,76 EUR/monatlich</Beitrag_x002F_Zahlweise>
  </KundenDaten>
</DocumentElement>