<?xml version="1.0" standalone="yes"?>
<DocumentElement>
  <KundenDaten>
    <Column1>Anrede</Column1>
    <Column2 />
  </KundenDaten>
  <KundenDaten>
    <Column1>Name:</Column1>
    <Column2>aDato Consulting GmbH</Column2>
  </KundenDaten>
  <KundenDaten>
    <Column1>Anschrift:</Column1>
    <Column2>Ringstr. 39, D-82285 Hattenhofen</Column2>
  </KundenDaten>
  <KundenDaten>
    <Column1>Geburtsdatum:</Column1>
    <Column2 />
  </KundenDaten>
  <KundenDaten>
    <Column1>Telefon (Privat):</Column1>
    <Column2>08145/92810</Column2>
  </KundenDaten>
  <KundenDaten>
    <Column1>Telefax:</Column1>
    <Column2 />
  </KundenDaten>
  <KundenDaten>
    <Column1>Telefon (Mobil):</Column1>
    <Column2 />
  </KundenDaten>
  <KundenDaten>
    <Column1>Endkundenzugang:</Column1>
    <Column2 />
  </KundenDaten>
  <KundenDaten>
    <Vertrag>11460963377000</Vertrag>
    <Sparte_x002F_Produkt>Elektronik</Sparte_x002F_Produkt>
    <Status>storniert</Status>
    <Beginn_x0020__x0026__x0020_Ablauf>12.03.1998- 12.03.2003</Beginn_x0020__x0026__x0020_Ablauf>
    <Beitrag_x002F_Zahlweise>644,30 EUR/jährlich</Beitrag_x002F_Zahlweise>
  </KundenDaten>
</DocumentElement>