<?xml version="1.0" standalone="yes"?>
<DocumentElement>
  <VertragsDaten>
    <Column1>Anrede:</Column1>
    <Column2>Herr</Column2>
  </VertragsDaten>
  <VertragsDaten>
    <Column1>Name:</Column1>
    <Column2>Wissam Alden</Column2>
  </VertragsDaten>
  <VertragsDaten>
    <Column1>Anschrift:</Column1>
    <Column2>Knorrstr. 29, D-80807 München</Column2>
  </VertragsDaten>
  <VertragsDaten>
    <Column1>Geburtsdatum:</Column1>
    <Column2>28.04.1986</Column2>
  </VertragsDaten>
  <VertragsDaten>
    <Column1>Kundennummer AL:</Column1>
    <Column2>889237050</Column2>
  </VertragsDaten>
  <VertragsDaten>
    <Column1>Vers.-Nummer:</Column1>
    <Column2>8321598</Column2>
    <Column3>Verbund-Vermittler-Nr.:</Column3>
    <Column4>348007001</Column4>
  </VertragsDaten>
  <VertragsDaten>
    <Column1>Beginn:</Column1>
    <Column2>01.10.2019</Column2>
    <Column3>Ablauf:</Column3>
    <Column4>01.10.2053</Column4>
  </VertragsDaten>
  <VertragsDaten>
    <Column1>zu zahlender Beitrag:</Column1>
    <Column2>129,96 EUR</Column2>
    <Column3>Antragsdatum:</Column3>
    <Column4>19.09.2019</Column4>
  </VertragsDaten>
  <VertragsDaten>
    <Column1>Zahlweise:</Column1>
    <Column2>monatlich</Column2>
    <Column3>Hauptfälligkeit:</Column3>
    <Column4>01.10.2020</Column4>
  </VertragsDaten>
  <VertragsDaten>
    <Column1>Änderungsdatum:</Column1>
    <Column2>01.10.2019</Column2>
    <Column3>Vertragsstatus:</Column3>
    <Column4>aktiv</Column4>
  </VertragsDaten>
  <VertragsDaten>
    <Column1>Abgangsdatum:</Column1>
    <Column2 />
    <Column3>Abgangsgrund:</Column3>
    <Column4 />
  </VertragsDaten>
  <VertragsDaten>
    <Column1>Mahnstufe:</Column1>
    <Column2 />
    <Column3>Zahlungsweg:</Column3>
    <Column4>Lastschrift</Column4>
  </VertragsDaten>
  <VertragsDaten>
    <Column1>Kontoinhaber:</Column1>
    <Column2 />
    <Column3>IBAN:</Column3>
    <Column4>DE02760300800230056518</Column4>
  </VertragsDaten>
  <VertragsDaten>
    <Column1>BIC:</Column1>
    <Column2>CSDBDE71XXX</Column2>
    <Column3 />
    <Column4 />
  </VertragsDaten>
</DocumentElement>