<?xml version="1.0" standalone="yes"?>
<DocumentElement>
  <VertragsDaten>
    <Column1>Anrede:</Column1>
    <Column2>Herr</Column2>
  </VertragsDaten>
  <VertragsDaten>
    <Column1>Name:</Column1>
    <Column2>Hilmar Albers</Column2>
  </VertragsDaten>
  <VertragsDaten>
    <Column1>Anschrift:</Column1>
    <Column2>Fohlenweg 6, D-14195 Berlin</Column2>
  </VertragsDaten>
  <VertragsDaten>
    <Column1>Geburtsdatum:</Column1>
    <Column2>09.01.1961</Column2>
  </VertragsDaten>
  <VertragsDaten>
    <Column1>Kundennummer AL:</Column1>
    <Column2>71185445</Column2>
  </VertragsDaten>
  <VertragsDaten>
    <Column1>Vers.-Nummer:</Column1>
    <Column2>11710020495000</Column2>
    <Column3>Verbund-Vermittler-Nr.:</Column3>
    <Column4>348007001</Column4>
  </VertragsDaten>
  <VertragsDaten>
    <Column1>Beginn:</Column1>
    <Column2>01.09.2003</Column2>
    <Column3>Ablauf:</Column3>
    <Column4>01.09.2020</Column4>
  </VertragsDaten>
  <VertragsDaten>
    <Column1>Nettobeitrag:</Column1>
    <Column2>73,30 EUR</Column2>
    <Column3>Bruttobeitrag:</Column3>
    <Column4>87,23 EUR</Column4>
  </VertragsDaten>
  <VertragsDaten>
    <Column1>Zahlweise:</Column1>
    <Column2>jährlich</Column2>
    <Column3>Hauptfälligkeit:</Column3>
    <Column4>01.09.2019</Column4>
  </VertragsDaten>
  <VertragsDaten>
    <Column1>Änderungsdatum:</Column1>
    <Column2>01.09.2019</Column2>
    <Column3>Vertragsstatus:</Column3>
    <Column4>aktiv</Column4>
  </VertragsDaten>
  <VertragsDaten>
    <Column1>Abgangsdatum:</Column1>
    <Column2 />
    <Column3>Abgangsgrund:</Column3>
    <Column4 />
  </VertragsDaten>
  <VertragsDaten>
    <Column1>Mahnstufe:</Column1>
    <Column2>Mahnverfahren beendet</Column2>
    <Column3>Zahlungsweg:</Column3>
    <Column4>Rechnung</Column4>
  </VertragsDaten>
  <VertragsDaten>
    <Column1>Kontoinhaber:</Column1>
    <Column2 />
    <Column3>IBAN:</Column3>
    <Column4 />
  </VertragsDaten>
  <VertragsDaten>
    <Column1>BIC:</Column1>
    <Column2 />
    <Column3 />
    <Column4 />
  </VertragsDaten>
</DocumentElement>