<?xml version="1.0" standalone="yes"?>
<DocumentElement>
  <VertragsDaten>
    <Column1>Anrede:</Column1>
    <Column2>Herr</Column2>
  </VertragsDaten>
  <VertragsDaten>
    <Column1>Name:</Column1>
    <Column2>Karl Aigner</Column2>
  </VertragsDaten>
  <VertragsDaten>
    <Column1>Anschrift:</Column1>
    <Column2>Steig 1, D-84367 Tann</Column2>
  </VertragsDaten>
  <VertragsDaten>
    <Column1>Geburtsdatum:</Column1>
    <Column2>21.06.1967</Column2>
  </VertragsDaten>
  <VertragsDaten>
    <Column1>Kundennummer AL:</Column1>
    <Column2>86832077</Column2>
  </VertragsDaten>
  <VertragsDaten>
    <Column1>Vers.-Nummer:</Column1>
    <Column2>9422295</Column2>
    <Column3>Verbund-Vermittler-Nr.:</Column3>
    <Column4>348007001</Column4>
  </VertragsDaten>
  <VertragsDaten>
    <Column1>Beginn:</Column1>
    <Column2>01.04.2006</Column2>
    <Column3>Ablauf:</Column3>
    <Column4>01.04.2027</Column4>
  </VertragsDaten>
  <VertragsDaten>
    <Column1>zu zahlender Beitrag:</Column1>
    <Column2>158,35 EUR</Column2>
    <Column3>Antragsdatum:</Column3>
    <Column4>22.03.2006</Column4>
  </VertragsDaten>
  <VertragsDaten>
    <Column1>Zahlweise:</Column1>
    <Column2>monatlich</Column2>
    <Column3>Hauptfälligkeit:</Column3>
    <Column4>01.04.2019</Column4>
  </VertragsDaten>
  <VertragsDaten>
    <Column1>Änderungsdatum:</Column1>
    <Column2>01.04.2019</Column2>
    <Column3>Vertragsstatus:</Column3>
    <Column4>aktiv</Column4>
  </VertragsDaten>
  <VertragsDaten>
    <Column1>Abgangsdatum:</Column1>
    <Column2 />
    <Column3>Abgangsgrund:</Column3>
    <Column4 />
  </VertragsDaten>
  <VertragsDaten>
    <Column1>Mahnstufe:</Column1>
    <Column2 />
    <Column3>Zahlungsweg:</Column3>
    <Column4>Lastschrift</Column4>
  </VertragsDaten>
  <VertragsDaten>
    <Column1>Kontoinhaber:</Column1>
    <Column2 />
    <Column3>IBAN:</Column3>
    <Column4>DE45743514300022195010</Column4>
  </VertragsDaten>
  <VertragsDaten>
    <Column1>BIC:</Column1>
    <Column2>BYLADEM1EGF</Column2>
    <Column3 />
    <Column4 />
  </VertragsDaten>
</DocumentElement>