<?xml version="1.0" standalone="yes"?>
<DocumentElement>
  <VertragsDaten>
    <Column1>Anrede:</Column1>
    <Column2>Frau</Column2>
  </VertragsDaten>
  <VertragsDaten>
    <Column1>Name:</Column1>
    <Column2>Nicole Adrian</Column2>
  </VertragsDaten>
  <VertragsDaten>
    <Column1>Anschrift:</Column1>
    <Column2>Hasselhofstr. 10,, D-63589 Linsengericht</Column2>
  </VertragsDaten>
  <VertragsDaten>
    <Column1>Geburtsdatum:</Column1>
    <Column2>25.03.1972</Column2>
  </VertragsDaten>
  <VertragsDaten>
    <Column1>Kundennummer AL:</Column1>
    <Column2>84781505</Column2>
  </VertragsDaten>
  <VertragsDaten>
    <Column1>Vers.-Nummer:</Column1>
    <Column2>9152087</Column2>
    <Column3>Verbund-Vermittler-Nr.:</Column3>
    <Column4>348007001</Column4>
  </VertragsDaten>
  <VertragsDaten>
    <Column1>Beginn:</Column1>
    <Column2>01.10.2002</Column2>
    <Column3>Ablauf:</Column3>
    <Column4>01.10.2032</Column4>
  </VertragsDaten>
  <VertragsDaten>
    <Column1>zu zahlender Beitrag:</Column1>
    <Column2>33,61 EUR</Column2>
    <Column3>Antragsdatum:</Column3>
    <Column4>03.09.2002</Column4>
  </VertragsDaten>
  <VertragsDaten>
    <Column1>Zahlweise:</Column1>
    <Column2>monatlich</Column2>
    <Column3>Hauptfälligkeit:</Column3>
    <Column4>01.10.2019</Column4>
  </VertragsDaten>
  <VertragsDaten>
    <Column1>Änderungsdatum:</Column1>
    <Column2>01.10.2019</Column2>
    <Column3>Vertragsstatus:</Column3>
    <Column4>aktiv</Column4>
  </VertragsDaten>
  <VertragsDaten>
    <Column1>Abgangsdatum:</Column1>
    <Column2 />
    <Column3>Abgangsgrund:</Column3>
    <Column4 />
  </VertragsDaten>
  <VertragsDaten>
    <Column1>Mahnstufe:</Column1>
    <Column2 />
    <Column3>Zahlungsweg:</Column3>
    <Column4>Lastschrift</Column4>
  </VertragsDaten>
  <VertragsDaten>
    <Column1>Kontoinhaber:</Column1>
    <Column2 />
    <Column3>IBAN:</Column3>
    <Column4>DE17500905000005305131</Column4>
  </VertragsDaten>
  <VertragsDaten>
    <Column1>BIC:</Column1>
    <Column2>GENODEF1S12</Column2>
    <Column3 />
    <Column4 />
  </VertragsDaten>
</DocumentElement>