<?xml version="1.0" standalone="yes"?>
<DocumentElement>
  <VertragsDaten>
    <Column1>Anrede:</Column1>
    <Column2>Herr</Column2>
  </VertragsDaten>
  <VertragsDaten>
    <Column1>Name:</Column1>
    <Column2>Peer Ahlbach</Column2>
  </VertragsDaten>
  <VertragsDaten>
    <Column1>Anschrift:</Column1>
    <Column2>Magdalenenstr. 46, D-80638 München</Column2>
  </VertragsDaten>
  <VertragsDaten>
    <Column1>Geburtsdatum:</Column1>
    <Column2>23.06.1973</Column2>
  </VertragsDaten>
  <VertragsDaten>
    <Column1>Vertrag:</Column1>
    <Column2>26095588</Column2>
    <Column3>Vertragsstatus:</Column3>
    <Column4>aktiv</Column4>
  </VertragsDaten>
  <VertragsDaten>
    <Column1>Beginn:</Column1>
    <Column2>01.02.2003</Column2>
    <Column3>Ablauf:</Column3>
    <Column4 />
  </VertragsDaten>
  <VertragsDaten>
    <Column1>Monats-Soll-Beitrag:</Column1>
    <Column2>843,02 EUR</Column2>
    <Column3>Zahlweise:</Column3>
    <Column4>monatlich</Column4>
  </VertragsDaten>
  <VertragsDaten>
    <Column1>Antragseingang: </Column1>
    <Column2>18.12.2002</Column2>
    <Column3>Änderungsdatum:</Column3>
    <Column4>01.01.2019</Column4>
  </VertragsDaten>
  <VertragsDaten>
    <Column1>Vertragsform:</Column1>
    <Column2>Einzelversicherung</Column2>
    <Column3>KS/VD:</Column3>
    <Column4>KS Mannheim / VD Süd</Column4>
  </VertragsDaten>
</DocumentElement>